<ShaderNodePreset SupportsAdaptiveDegradation="0" LimitInputsToTexture="True" Version="1" Description="miles@noesclavo.com" Name="Normals">
   <Shader OutputBitDepth="Output" Index="1">
      <Uniform Index="0" NoInput="Error" Tooltip="" DisplayName="Front" InputColor="67, 77, 83" Mipmaps="False" GL_TEXTURE_WRAP_T="GL_REPEAT" GL_TEXTURE_WRAP_S="GL_REPEAT" GL_TEXTURE_MAG_FILTER="GL_LINEAR" GL_TEXTURE_MIN_FILTER="GL_LINEAR" Type="sampler2D" Name="Front">
      </Uniform>
		 <Uniform Row="0" Col="1" Page="0" Default="False" Tooltip="" DisplayName="Output Values 0.0 - 1.0" Type="bool" Name="keep_between_0_and_1">
      	</Uniform>
      <Uniform Max="1000000" Min="-1000000" Default="100" Inc="1" Tooltip="" Row="0" Col="0" Page="0" DisplayName="Passes" Type="int" Name="times">
      </Uniform>
      <Uniform ResDependent="None" Max="1000000.0" Min="-1000000.0" Default="1.0" Inc="0.01" Tooltip="" Row="1" Col="0" Page="0" DisplayName="Sobel Width" Type="float" Name="sobel_width">
      </Uniform>
      <Uniform ResDependent="None" Max="1000000.0" Min="-1000000.0" Default="2.0" Inc="0.01" Tooltip="" Row="2" Col="0" Page="0" DisplayName="Strength" Type="float" Name="normalStrength">
      </Uniform>
   </Shader>
   <Page Name="Page 1" Page="0">
      <Col Name="Normals" Col="0" Page="0">
      </Col>
      <Col Name="Output" Col="1" Page="0">
      </Col>
   </Page>
</ShaderNodePreset>
